index,ano,populacao,pib,gastos_educacao,quantidade_matricula,ideb_iniciais,ideb_finais,taxa_abandono_ef_anos_iniciais,taxa_abandono_ef_anos_finais,pib_per_capita,gasto_por_aluno,DEA_crs_input,DEA_crs_output,DEA_vrs_input,DEA_vrs_output,DEA_irs_input,DEA_drs_input,DEA_scale_efficiency,is_complete_grouped
count,2017,2891.0,2891.0,2891.0,2891.0,2891.0,2891.0,2891.0,2891.0,2891.0,2891.0,2891.0,2891.0,2891.0,2891.0,2891.0,2891.0,2891.0,
mean,2017,53243.96368038741,1654488593.56624,37405339.10549983,4290.82359045313,5.273158076790038,4.203355240401245,1.1087858872362504,3.7852992044275333,20548.698671739883,8424.278156347284,0.4665950384967057,0.46659514570935334,0.5552770904421486,0.989246073607491,0.4672096341384974,0.5546626020130063,0.8185698777991571,
std,2017,291258.4370703649,15182045859.456373,216659609.95098466,14097.728279289859,1.0110765557793735,0.8600268472046905,1.4125361664799632,3.7004425628984956,23093.898434441795,3773.0907016363885,0.2108591191071188,0.21085917459489095,0.19296004414105375,0.013894448712290303,0.2111779618813072,0.19289196167285153,0.18007515128702878,
min,2017,1533.0,12993000.0,293.0,129.0,2.8,1.8,0.0,0.0,3289.52,0.17,0.026731457710397803,0.026731457710394035,0.04761596787444974,0.8799999999999971,0.02673145771039791,0.04761596787444977,0.09904191548592609,
25%,2017,8687.5,95049500.0,7617934.5,964.5,4.5,3.5,0.1,0.9,8195.925,5950.63,0.2847728826320015,0.28477288263199974,0.41054533838747953,0.9839999999999991,0.2849322854984575,0.40985064394230764,0.6937010303718311,
50%,2017,17983.0,225945000.0,14891601.0,2018.0,5.2,4.1,0.6,2.7,12532.69,7222.62,0.4663658160662451,0.4663658160662455,0.5503683467860546,0.9949999999999943,0.4667615087108241,0.548467662863782,0.8761083616859285,
75%,2017,35817.0,685949500.0,29111362.5,4017.0,6.1,4.8,1.7,5.7,25417.045,9842.11,0.6315574843968146,0.6315574843968148,0.6965120250799592,1.0,0.6327060924320675,0.6959571743683898,0.9808490204243951,
max,2017,12106920.0,698952189000.0,10233696749.0,479898.0,9.1,7.2,12.0,27.3,346739.34,56217.01,1.0,1.0,1.0,1.0,1.0,1.0,1.0,
ano,2017,,,,,,,,,,,,,,,,,,
populacao,2017,1.0,0.9682492847513685,0.9703307997103552,0.9223051896815573,0.04502087947084286,0.034643354537593124,-0.018260144384232405,-0.04610234276616958,0.08334283847616202,0.11521807686631017,-0.12541861761381218,-0.12541866813822428,-0.13240617356231488,0.016114010783463046,-0.1255009818739833,-0.13215551415530602,-0.05936545304852725,
pib,2017,0.9682492847513685,1.0,0.9911300724733991,0.8704158445783885,0.05467583447585744,0.043251354696219414,-0.03107899245767818,-0.04861447433917081,0.12942373464545706,0.14305353823746422,-0.12465600495804596,-0.12465602596142027,-0.12774288904028436,0.029654482359419657,-0.12473165744997475,-0.12749915981347693,-0.07782802512543487,
gastos_educacao,2017,0.9703307997103552,0.9911300724733991,1.0,0.8631518768093456,0.04750763397812794,0.03794415255761615,-0.022281268353838687,-0.043691246187093476,0.10730495507856487,0.13067803161311353,-0.11816899938187399,-0.11816904181366723,-0.12460408092363255,0.020021607480267857,-0.11820552563751535,-0.12441282352731194,-0.06365226330026544,
quantidade_matricula,2017,0.9223051896815573,0.8704158445783885,0.8631518768093456,1.0,0.01544915588321955,0.016608226569056337,0.011105012607182687,-0.022357566494101457,0.087394801731756,0.023663014710139464,-0.11468087794455169,-0.114680968804878,-0.11759992167775178,-0.01442664515925109,-0.11462752994311821,-0.1175104040438679,-0.065336922022578,
ideb_iniciais,2017,0.04502087947084286,0.05467583447585744,0.04750763397812794,0.01544915588321955,1.0,0.8405863674719036,-0.6518771771725593,-0.6337398371615361,0.34147099916740686,0.45146038973838715,-0.3251255849863966,-0.32512598898614775,-0.07892773723363923,0.6521022712803692,-0.3282670929185258,-0.07497939041554139,-0.5851117735375312,
ideb_finais,2017,0.034643354537593124,0.043251354696219414,0.03794415255761615,0.016608226569056337,0.8405863674719036,1.0,-0.5930782782026097,-0.6899471732215776,0.31230860541727085,0.4196898027455425,-0.30127783259733204,-0.3012779327244185,-0.030780614778093535,0.5995591707314739,-0.30425754117957154,-0.027031492269836865,-0.6038592545051931,
taxa_abandono_ef_anos_iniciais,2017,-0.018260144384232405,-0.03107899245767818,-0.022281268353838687,0.011105012607182687,-0.6518771771725593,-0.5930782782026097,1.0,0.7293633423529712,-0.24922085651701226,-0.3468652012047316,0.23144077752640424,0.23144060543361591,-0.0007449357260258252,-0.9873656428449661,0.23925293582086082,-0.009680627153550472,0.5442459941574394,
taxa_abandono_ef_anos_finais,2017,-0.04610234276616958,-0.04861447433917081,-0.043691246187093476,-0.022357566494101457,-0.6337398371615361,-0.6899471732215776,0.7293633423529712,1.0,-0.28291310759510013,-0.3819531010874282,0.2894169619066308,0.2894173688478749,0.03318842590251707,-0.7482294680834924,0.2951894242787417,0.026402586212225763,0.6007110983984099,
pib_per_capita,2017,0.08334283847616202,0.12942373464545706,0.10730495507856487,0.087394801731756,0.34147099916740686,0.31230860541727085,-0.24922085651701226,-0.28291310759510013,1.0,0.5558817153923571,-0.6698282107048069,-0.6698282899856888,-0.556161511712632,0.24712975162393042,-0.6702696423559211,-0.5547676133553647,-0.6732047032364398,
gasto_por_aluno,2017,0.11521807686631017,0.14305353823746422,0.13067803161311353,0.023663014710139464,0.45146038973838715,0.4196898027455425,-0.3468652012047316,-0.3819531010874282,0.5558817153923571,1.0,-0.629898728553635,-0.6298988220630639,-0.6015774267694156,0.3441297847505173,-0.6306348312160358,-0.5999429585920638,-0.43803250859753556,
is_complete_grouped,2017,,,,,,,,,,,,,,,,,,
DEA_crs_input,2017,-0.12541861761381218,-0.12465600495804596,-0.11816899938187399,-0.11468087794455169,-0.3251255849863966,-0.30127783259733204,0.23144077752640424,0.2894169619066308,-0.6698282107048069,-0.629898728553635,1.0,0.9999999996263328,0.890852938476873,-0.22183533147222592,0.9999334130393751,0.8895875969997443,0.708872848429875,
DEA_crs_output,2017,-0.12541866813822428,-0.12465602596142027,-0.11816904181366723,-0.114680968804878,-0.32512598898614775,-0.3012779327244185,0.23144060543361591,0.2894173688478749,-0.6698282899856888,-0.6298988220630639,0.9999999996263328,1.0,0.8908528930757129,-0.22183517228347924,0.9999334115527325,0.8895875536186099,0.7088729425402921,
DEA_vrs_input,2017,-0.13240617356231488,-0.12774288904028436,-0.12460408092363255,-0.11759992167775178,-0.07892773723363923,-0.030780614778093535,-0.0007449357260258252,0.03318842590251707,-0.556161511712632,-0.6015774267694156,0.890852938476873,0.8908528930757129,1.0,0.017127198333861386,0.8899044400821229,0.9999190337539086,0.3472531372412524,
DEA_vrs_output,2017,0.016114010783463046,0.029654482359419657,0.020021607480267857,-0.01442664515925109,0.6521022712803692,0.5995591707314739,-0.9873656428449661,-0.7482294680834924,0.24712975162393042,0.3441297847505173,-0.22183533147222592,-0.22183517228347924,0.017127198333861386,1.0,-0.22985289370375717,0.026277659284645413,-0.5520431443223821,
DEA_irs_input,2017,-0.1255009818739833,-0.12473165744997475,-0.11820552563751535,-0.11462752994311821,-0.3282670929185258,-0.30425754117957154,0.23925293582086082,0.2951894242787417,-0.6702696423559211,-0.6306348312160358,0.9999334130393751,0.9999334115527325,0.8899044400821229,-0.22985289370375717,1.0,0.888493073956083,0.7104333471653707,
DEA_drs_input,2017,-0.13215551415530602,-0.12749915981347693,-0.12441282352731194,-0.1175104040438679,-0.07497939041554139,-0.027031492269836865,-0.009680627153550472,0.026402586212225763,-0.5547676133553647,-0.5999429585920638,0.8895875969997443,0.8895875536186099,0.9999190337539086,0.026277659284645413,0.888493073956083,1.0,0.34449583779284493,
DEA_scale_efficiency,2017,-0.05936545304852725,-0.07782802512543487,-0.06365226330026544,-0.065336922022578,-0.5851117735375312,-0.6038592545051931,0.5442459941574394,0.6007110983984099,-0.6732047032364398,-0.43803250859753556,0.708872848429875,0.7088729425402921,0.3472531372412524,-0.5520431443223821,0.7104333471653707,0.34449583779284493,1.0,
count,2019,2891.0,2891.0,2891.0,2891.0,2891.0,2891.0,2891.0,2891.0,2891.0,2891.0,2891.0,2891.0,2891.0,2891.0,2891.0,2891.0,2891.0,
mean,2019,53906.05672777585,1859664442.7533724,43280244.218609475,4214.8758215150465,5.44199239017641,4.478830854375648,0.7285022483569701,2.6297820823244553,23277.498706329992,10013.188602559669,0.42712297337776534,0.42721865750424654,0.5205659928340706,0.992998138391354,0.4283115606948829,0.519362408174282,0.8063335930682602,
std,2019,295512.75534611504,16530793204.366798,249957209.00672284,13934.637943437145,0.9665946581479041,0.8077831701184242,1.015811233372694,2.764110434170068,28659.89148347788,4332.003336050019,0.19649096137875857,0.19670251545054085,0.19025845035113226,0.009889602060532363,0.19726745088355496,0.1899951014323111,0.18842298480905287,
min,2019,1464.0,15474000.0,713522.0,124.0,2.3,1.9,0.0,0.0,4475.19,528.14,0.018132997343122983,0.018132997343123007,0.03136619562046891,0.9149999999999949,0.018132997343123035,0.031366195620468974,0.10318058485560751,
25%,2019,8578.0,105027000.0,8785760.0,925.5,4.7,3.9,0.0,0.5,9123.119999999999,7164.975,0.2544921722458911,0.2544921722458908,0.37867595374414154,0.9900000000000012,0.254711373405631,0.37689536391636663,0.7067509271976219,
50%,2019,17873.0,252055000.0,16949939.0,1915.0,5.4,4.4,0.3,1.8,13970.42,8739.74,0.4319465353928203,0.4319465353928253,0.5203338188687867,0.997,0.4329542455324722,0.5181639993831734,0.8425726410658123,
75%,2019,36238.0,775941500.0,33664431.5,3870.0,6.2,5.05,1.0,3.9,27739.629999999997,11550.67,0.5780971812367677,0.5780971812367633,0.6565981324116897,1.0,0.5810649345601455,0.6549622207137246,0.981212947955366,
max,2019,12252023.0,763597808000.0,11831675975.0,458176.0,9.4,7.8,8.5,23.2,465097.46,67806.27,1.0,1.0,1.0,1.0,1.0,1.0,1.0,
ano,2019,,,,,,,,,,,,,,,,,,
populacao,2019,1.0,0.9669529475494945,0.9690710343413476,0.9296071104466791,0.04112447472296371,0.03531863634738594,-0.014868783155403204,-0.04368992909095415,0.07144286087045577,0.10582347851376395,-0.1217620723983838,-0.12171060793989533,-0.13851116782125594,0.011602742035981143,-0.12183575347745049,-0.13812161685126778,-0.019551487382006717,
pib,2019,0.9669529475494945,1.0,0.9905403537215415,0.8703040708493441,0.04958551809107044,0.04461360960343125,-0.026609586080711123,-0.04702912679788457,0.12738891119202903,0.14094591607016602,-0.12805036765616476,-0.1279661395966602,-0.13715366177271696,0.02474920605218654,-0.12811559303259315,-0.13674502024675875,-0.04809842730076656,
gastos_educacao,2019,0.9690710343413476,0.9905403537215415,1.0,0.8676512684206629,0.04134367366998011,0.03864327980311096,-0.01464699939703168,-0.03772007591770705,0.09767708546004003,0.1244701162618582,-0.11679118292462341,-0.11673978173318035,-0.1306700365925839,0.01157492981016544,-0.11674225727785599,-0.13041746275423355,-0.029600779587861236,
quantidade_matricula,2019,0.9296071104466791,0.8703040708493441,0.8676512684206629,1.0,0.01780625640818077,0.020933956535602077,0.013305782932995478,-0.020983288449390257,0.07938139686769696,0.01782940073755569,-0.11323116362548798,-0.11323076367620236,-0.13141044137986732,-0.018473958202833058,-0.11292125165686687,-0.13144216926641122,-0.016941771594389757,
ideb_iniciais,2019,0.04112447472296371,0.04958551809107044,0.04134367366998011,0.01780625640818077,1.0,0.8171693918420105,-0.6209239019831384,-0.5944762509344435,0.2781206778612574,0.3711670956743629,-0.2810132390140651,-0.28118523221660685,-0.008706041295731807,0.6266110144883485,-0.28792429699091704,-0.0006928773526097402,-0.5784943809228608,
ideb_finais,2019,0.03531863634738594,0.04461360960343125,0.03864327980311096,0.020933956535602077,0.8171693918420105,1.0,-0.5574694731544126,-0.652654505747161,0.24155758292463192,0.3023249991589308,-0.2308257661387231,-0.23020331972479155,0.03690283045979946,0.5727717053452518,-0.2373012557130967,0.044481766910271225,-0.547061088700181,
taxa_abandono_ef_anos_iniciais,2019,-0.014868783155403204,-0.026609586080711123,-0.01464699939703168,0.013305782932995478,-0.6209239019831384,-0.5574694731544126,1.0,0.721448711645147,-0.2069850171777075,-0.29199494815530896,0.2217134060567504,0.22251517607147667,-0.039158591062643015,-0.9790325670021162,0.23519941605721825,-0.054080111888687846,0.5474164900731976,
taxa_abandono_ef_anos_finais,2019,-0.04368992909095415,-0.04702912679788457,-0.03772007591770705,-0.020983288449390257,-0.5944762509344435,-0.652654505747161,0.721448711645147,1.0,-0.2409418732686524,-0.3060656308381459,0.26333927499345816,0.2629275780860151,-0.007840101248747325,-0.751163540007704,0.2732625888531328,-0.019169509416255913,0.5699713311525998,
pib_per_capita,2019,0.07144286087045577,0.12738891119202903,0.09767708546004003,0.07938139686769696,0.2781206778612574,0.24155758292463192,-0.2069850171777075,-0.2409418732686524,1.0,0.5257647669900896,-0.6352036593829037,-0.6347875372438821,-0.5079522233552309,0.20593412981841103,-0.6355265525183015,-0.5056870078488053,-0.5998454541362631,
gasto_por_aluno,2019,0.10582347851376395,0.14094591607016602,0.1244701162618582,0.01782940073755569,0.3711670956743629,0.3023249991589308,-0.29199494815530896,-0.3060656308381459,0.5257647669900896,1.0,-0.6302888595641577,-0.6299511689898805,-0.5975321914503772,0.2932653620806068,-0.6311824086556416,-0.5948211088055995,-0.40042986400852976,
is_complete_grouped,2019,,,,,,,,,,,,,,,,,,
DEA_crs_input,2019,-0.1217620723983838,-0.12805036765616476,-0.11679118292462341,-0.11323116362548798,-0.2810132390140651,-0.2308257661387231,0.2217134060567504,0.26333927499345816,-0.6352036593829037,-0.6302888595641577,1.0,0.9996581697972063,0.870518959612233,-0.21122582331585743,0.9998484521922707,0.8676284903031819,0.6357408169086826,
DEA_crs_output,2019,-0.12171060793989533,-0.1279661395966602,-0.11673978173318035,-0.11323076367620236,-0.28118523221660685,-0.23020331972479155,0.22251517607147667,0.2629275780860151,-0.6347875372438821,-0.6299511689898805,0.9996581697972063,1.0,0.8701022488868072,-0.21158900715595588,0.999501756401785,0.8672178694278667,0.6355560817310398,
DEA_vrs_input,2019,-0.13851116782125594,-0.13715366177271696,-0.1306700365925839,-0.13141044137986732,-0.008706041295731807,0.03690283045979946,-0.039158591062643015,-0.007840101248747325,-0.5079522233552309,-0.5975321914503772,0.870518959612233,0.8701022488868072,1.0,0.057875849025563135,0.8684075480047344,0.9998216156689703,0.20574252580196226,
DEA_vrs_output,2019,0.011602742035981143,0.02474920605218654,0.01157492981016544,-0.018473958202833058,0.6266110144883485,0.5727717053452518,-0.9790325670021162,-0.751163540007704,0.20593412981841103,0.2932653620806068,-0.21122582331585743,-0.21158900715595588,0.057875849025563135,1.0,-0.22501446855020338,0.07308941157849115,-0.5590301021227111,
DEA_irs_input,2019,-0.12183575347745049,-0.12811559303259315,-0.11674225727785599,-0.11292125165686687,-0.28792429699091704,-0.2373012557130967,0.23519941605721825,0.2732625888531328,-0.6355265525183015,-0.6311824086556416,0.9998484521922707,0.999501756401785,0.8684075480047344,-0.22501446855020338,1.0,0.865201209640247,0.6387782081016142,
DEA_drs_input,2019,-0.13812161685126778,-0.13674502024675875,-0.13041746275423355,-0.13144216926641122,-0.0006928773526097402,0.044481766910271225,-0.054080111888687846,-0.019169509416255913,-0.5056870078488053,-0.5948211088055995,0.8676284903031819,0.8672178694278667,0.9998216156689703,0.07308941157849115,0.865201209640247,1.0,0.2002600517182502,
DEA_scale_efficiency,2019,-0.019551487382006717,-0.04809842730076656,-0.029600779587861236,-0.016941771594389757,-0.5784943809228608,-0.547061088700181,0.5474164900731976,0.5699713311525998,-0.5998454541362631,-0.40042986400852976,0.6357408169086826,0.6355560817310398,0.20574252580196226,-0.5590301021227111,0.6387782081016142,0.2002600517182502,1.0,
